{
  "best": {
    "candidate_seconds": 1.0915504039999178,
    "ratio_vs_reference": 0.018764495076393595,
    "reference_seconds": 58.17105120899987
  },
  "competitor_beaten": true,
  "history_count": 13,
  "latest": {
    "candidate_seconds": 1.5312948060000053,
    "correctness_ok": true,
    "ratio_vs_reference": 0.01913388289646704,
    "reference_seconds": 80.03053087999979
  },
  "next_action": "Optimise candidate runtime",
  "overall_status": "success_candidate_faster"
}