{
  "candidate_seconds": 1.0915504039999178,
  "correctness_ok": true,
  "ratio_vs_reference": 0.018764495076393595,
  "reference_seconds": 58.17105120899987
}