{
  "best": {
    "candidate_seconds": 1.0915504039999178,
    "ratio_vs_reference": 0.018764495076393595,
    "reference_seconds": 58.17105120899987
  },
  "competitor_beaten": true,
  "history_count": 15,
  "latest": {
    "candidate_seconds": 1.919122322000021,
    "correctness_ok": true,
    "ratio_vs_reference": 0.01972555052871638,
    "reference_seconds": 97.29119190899996
  },
  "next_action": "Optimise candidate runtime",
  "overall_status": "success_candidate_faster"
}