{
  "best": {
    "candidate_seconds": 1.0915504039999178,
    "ratio_vs_reference": 0.018764495076393595,
    "reference_seconds": 58.17105120899987
  },
  "competitor_beaten": true,
  "history_count": 12,
  "latest": {
    "candidate_seconds": 1.677763861999665,
    "correctness_ok": true,
    "ratio_vs_reference": 0.021566416549009655,
    "reference_seconds": 77.79520803499963
  },
  "next_action": "Optimise candidate runtime",
  "overall_status": "success_candidate_faster"
}